"designation_code","designation_name","category"
"NRM","Relationship Manager","Sales"
"RRM","Resident Relationship Manager","Sales"
"NSR","Sr. Relationship Manager","Sales"
"NXT","NEXA Trainee","Sales"
"NSM","Showroom Manager","Sales"
"XRM","Expert Relationship Manager","Sales"
"NMF","Floor Manager","Sales"
"NQM","Quality Manager","Sales"
"NTD","Sales Development Manager","Sales"
"NFM","Finance Manager","Sales"
"SHM","Assistant Showroom Manager","Sales"
"NAM","Admin Manager","Sales"
"ECM","EV Charging Manager","Sales"
"ERM","EV Relationship Manager","Sales"
"MRM","Marketing Manager","Sales"
"NSC","Senior Corporate Manager","Sales"
"NCM","Corporate Manager","Sales"
"RNM","Rural Network Manager","Sales"
